time,value
0,1.06610825
0.0012,1.678653698
0.0019,1.737720663
0.0027,1.317277672
0.0033,0.976114738
0.0045,-1.097478124
0.0056,-1.932857459
0.0066,-1.89300626
0.0074,-1.581601147
0.0081,-0.442789918
0.009,0.923953977
0.0102,1.425857788
0.0115,1.488121359
0.0127,0.871563258
0.0136,0.308760704
0.0146,-0.39911704
0.0151,-0.305459356
0.0162,0.595145503
0.0177,0.399845092
0.019,-0.403834449
0.0197,-1.158350524
0.0212,-0.804944318
0.0227,-0.27042704
0.024,0.770132824
0.0248,2.261853578
0.026,2.173003022
0.0267,1.259719733
0.0282,-0.057249198
0.0295,-1.564896277
0.03,-1.454143448
0.031,-1.557359079
0.0319,-0.512713766
0.0333,0.781172656
0.0344,0.443275124
0.035,0.417427412
0.0357,0.339277376
0.0371,0.187326587
0.0384,0.532287657
0.0391,0.683255938
0.0406,1.106901642
0.0412,0.928576313
0.042,0.179488759
0.0427,-0.581733067
0.0439,-1.521822675
0.0444,-1.403962397
0.0452,-1.390867724
0.0466,-0.405821058
0.048,0.809741059
0.0493,1.959896754
0.0507,1.416986528
0.052,0.099577047
0.0526,-0.4154225
0.0539,-1.462505549
0.0553,-0.063885254
0.0563,0.020307404
0.0572,0.268751722
0.0578,0.004914026
0.0592,-0.639337922
0.0601,-0.598146904
0.0614,-0.018139906
0.0625,0.530592034
0.0633,1.088595995
0.0641,1.503086102
0.0648,1.175073446
0.0658,0.479901339
0.0671,-0.663388188
0.0679,-1.155163013
0.0686,-1.969823888
0.0699,-1.471970598
0.0713,-0.093677275
0.0723,0.665841634
0.0731,1.294851266
0.0737,1.425048276
0.0748,0.790962915
0.0759,0.360148837
0.0765,-0.327284806
0.0773,-0.582656277
0.0783,-0.072404269
0.079,0.472392722
0.0796,0.144014967
0.0807,-0.170352379
0.0817,-0.331355414
0.0826,-1.397079073
0.0836,-1.120384114
0.0847,-1.419148455
0.0855,-0.001906139
0.0867,1.457607722
0.0877,2.322366932
0.0884,1.941805279
0.0892,1.178991649
0.0902,0.992809416
0.091,-0.283169759
0.0924,-1.511860191
0.093,-1.7787793
0.0941,-1.492471717
0.0954,0.440330298
0.0966,0.536694463
0.0979,0.85971944
0.0991,-0.193181684
0.0998,0.346064184
0.1007,0.159822534
0.1016,0.027170839
0.103,0.803574087
0.1041,0.757700539
0.1053,-0.247049925
0.1061,-0.704022069
0.1075,-1.46497549
0.1081,-2.003879067
0.109,-1.468551416
0.1096,-0.943671906
0.1102,0.663392152
0.1114,1.812084942
0.1122,1.943751792
0.1131,1.584095421
0.1145,-0.216071469
0.116,-0.47689151
0.1167,-0.761057376
0.1181,-0.881908739
0.1189,-0.065381582
0.1199,0.146873044
0.121,-0.325406576
0.1217,-0.238769715
0.123,-0.371748383
0.1241,0.198050697
0.1246,-0.04546423
0.126,1.363862981
0.127,1.587492967
0.1282,1.064451787
0.1296,-0.026376413
0.1305,-1.051684428
0.1313,-1.968073993
0.1324,-2.030827402
0.1336,-1.105809329
0.1345,0.274260198
0.1356,1.518239486
0.1361,1.055772355
0.1367,1.099879086
0.1381,0.818851677
0.1392,-0.468904326
0.1402,-0.635559879
0.1414,0.083175871
0.1426,0.541290239
0.1438,-0.287363534
0.1445,-0.596012044
0.1454,-0.89728828
0.1469,-0.97168936
0.1475,-0.701073701
0.1483,-0.101041394
0.149,0.850121675
0.1505,1.558393451
0.1519,1.345194305
0.153,0.726230586
0.1538,-0.392940606
0.1552,-1.53737316
0.1562,-1.201823095
0.1574,-1.033396491
0.1584,-0.188142119
0.1595,0.226631115
0.1602,0.400431675
0.1607,0.510353672
0.1613,-0.246915271
0.1623,0.345166854
0.1636,0.180100275
0.1644,0.376127534
0.165,0.408144644
0.1665,1.129141411
0.1675,-0.071643785
0.1687,-0.935699997
0.17,-1.523712734
0.1707,-2.295535143
0.1719,-1.266116548
0.1728,0.189743073
0.1735,0.802699088
0.1748,1.503235376
0.176,1.109624899
0.1769,0.793020795
0.1781,-0.800110001
0.1796,-0.706697257
0.181,-1.065161671
0.1825,0.167791391
0.1831,0.430174898
0.1841,-0.710497192
0.1855,-0.696334214
0.186,-0.53368666
0.1874,0.085333604
0.1883,0.600361122
0.1888,1.594382641
0.1901,1.53709154
0.1911,1.47901142
0.1922,0.06812392
0.1928,-0.521089348
0.1935,-2.026975882
0.1948,-1.768194657
0.1961,-0.709574752
0.1967,-0.372130127
0.1975,0.793339069
0.199,1.42911583
0.1996,1.60510641
0.2011,0.301462534
0.2019,-0.469583375
0.2026,-0.304049618
0.204,-0.003022356
0.2047,-0.190766118
0.2053,-0.102137837
0.2063,0.263499278
0.2072,-0.156584897
0.2081,-1.390401279
0.2092,-1.245282995
0.2105,-1.19582509
0.211,-0.630147358
0.2121,1.142322591
0.2126,1.397016772
0.2135,2.318878658
0.2148,1.731357858
0.2158,0.050085138
0.2166,-0.495051182
0.2173,-0.819151835
0.2186,-2.22332817
0.2193,-1.133724408
0.2206,-0.164687459
0.2218,0.601092977
0.2224,0.468694816
0.2235,0.523009774
0.2247,-0.308858284
0.2254,-0.571353528
0.2264,-0.15037767
0.2275,0.561846621
0.2282,1.140006711
0.2289,1.252432162
0.23,0.156749534
0.2314,-0.317743227
0.232,-1.042224601
0.2329,-2.163090996
0.2335,-1.978421472
0.2349,-1.231760621
0.2357,-0.370524543
0.237,1.127143195
0.2378,1.560051976
0.2388,1.046643442
0.2397,1.071892912
0.2411,-1.132557462
0.2417,-1.227424032
0.2428,-0.712582821
0.2442,-0.569801183
0.2455,0.315763566
0.2463,-0.005503667
0.2468,0.124340105
0.2478,-0.4877227
0.2488,-0.650204641
0.2496,-0.808503739
0.2509,0.559703509
0.2515,1.303689131
0.253,1.232238661
0.2539,1.421481294
0.2554,-1.053694779
0.2569,-2.341715888
0.2578,-1.498236948
0.2586,-1.468129616
0.2601,0.329996683
0.261,1.029465756
0.2622,1.303580536
0.2631,0.580412619
0.2637,0.062234425
0.2644,-0.381601098
0.2655,-0.182037243
0.2666,-0.583766552
0.268,0.55292969
0.2689,-0.156738637
0.2703,-0.47884434
0.2713,-1.024888301
0.2722,-1.194575565
0.2732,-0.688602719
0.2738,-0.49135633
0.2746,0.725781149
0.2759,1.176330255
0.2772,1.616624945
0.2783,0.588867704
0.279,0.45431526
0.2801,-0.834109849
0.2814,-1.892469407
0.2824,-1.557927323
0.2839,-0.47520818
0.285,0.846120929
0.2856,0.553971466
0.2871,-0.203677195
0.2879,0.117993231
0.2887,-0.449042486
0.2893,0.259216578
0.2905,0.876424811
0.2917,0.425948655
0.2928,0.746640436
0.2934,0.259530704
0.2947,-1.090900389
0.2954,-1.276470442
0.2966,-1.882701035
0.2974,-1.642922433
0.2979,-0.527709629
0.2991,0.512245682
0.2998,1.870932236
0.3013,2.127564431
0.3027,0.704752692
0.3037,-0.684251388
0.3042,-0.933043997
0.3051,-1.409917381
0.3064,-0.390135775
0.3074,-0.239469548
0.3087,0.1887766
0.3093,0.156713877
0.3099,-0.625199047
0.3113,-0.792501696
0.3128,-0.665063737
0.3141,0.686407899
0.315,1.631582206
0.3163,1.582610802
0.3169,1.229020805
0.3175,-0.048390397
0.3183,-0.345361571
0.3191,-1.841989213
0.3202,-2.289410359
0.3215,-1.841497285
0.3223,-0.867869091
0.323,0.386631337
0.3239,1.508853225
0.325,1.45411841
0.3257,0.908856314
0.327,0.093248685
0.3277,0.186535697
0.3286,-0.545108018
0.3294,-0.549471207
0.3309,0.308144862
0.3323,-0.244399639
0.3333,-0.215391569
0.3344,-0.881253038
0.3356,-0.949817572
0.3367,-0.531354209
0.3379,0.766632715
0.3387,1.09399008
0.3401,1.408711114
0.3412,0.999201137
0.3426,-1.09368254
0.3441,-1.959042752
0.3452,-1.502292884
0.3464,-0.333358492
0.347,0.047434466
0.3477,0.200703179
0.3483,0.473399618
0.3495,0.173675048
0.3503,-0.332111584
0.3511,-0.565344321
0.3525,-0.253014052
0.3531,0.742138922
0.3544,0.693060869
0.355,1.24967559
0.3563,0.543173462
0.3569,-0.556213017
0.3578,-1.709504461
0.3583,-1.75776547
0.3596,-1.519640179
0.3605,-0.805849453
0.3612,-0.521561767
0.3624,1.035972917
0.3635,2.046612317
0.3644,1.595382562
0.3658,0.568214209
0.3665,-0.290907354
0.3676,-1.354888238
0.3687,-1.302695592
0.3694,-0.681333007
0.3708,0.369945237
0.3719,-0.523963274
0.3731,-0.4225331
0.3741,-0.859515599
0.3749,-0.120305039
0.3758,0.140760188
0.3767,0.234021825
0.3773,1.102766397
0.378,1.469016139
0.379,1.043393624
0.3797,0.587071415
0.381,-0.557252096
0.3821,-1.393411784
0.3836,-1.781911886
0.3849,-0.912296507
0.3864,1.04995596
0.3871,0.916153651
0.3877,1.350948181
0.3888,0.508904929
0.3894,0.632552398
0.3908,-0.176153644
0.3915,-0.328448584
0.3924,0.211948159
0.3936,0.178434382
0.3941,0.33209936
0.3947,-0.207052236
0.3962,-0.215368654
0.3969,-1.095145753
0.3977,-1.316914669
0.3991,-1.188963988
0.4005,0.723010076
0.4018,1.541857364
0.4025,2.020630217
0.4038,1.176833633
0.4049,-0.030805857
0.4054,-1.101461557
0.4062,-1.781370543
0.4072,-1.237060202
0.4084,-0.959394497
0.4092,-0.577710948
0.4104,0.599594817
0.4109,0.864655246
0.4121,-0.051969959
0.4127,-0.158968561
0.4135,0.085897113
0.4146,0.026493461
0.4158,0.845380189
0.4168,0.706662731
0.4182,0.356223566
0.4188,0.27453133
0.4195,-0.360434992
0.4209,-1.496920094
0.4223,-2.251822937
0.4232,-1.242839914
0.4241,0.228766003
0.4256,1.329776122
0.4264,1.660176887
0.4274,1.869707738
0.428,1.399361522
0.4291,0.252531619
0.4296,-1.008442579
0.431,-1.478987695
0.4321,-0.225870766
0.4335,-0.321262296
0.4343,0.366724132
0.4348,-0.413453884
0.4362,-0.698602354
0.4367,-0.426383147
0.4372,-1.035380311
0.4378,-0.290207133
0.4385,0.079309676
0.4396,1.258614114
0.4411,1.747970845
0.4416,1.653626841
0.4422,1.29831817
0.4429,1.132717518
0.4441,-0.471194739
0.4452,-1.622696332
0.4461,-2.072693078
0.4474,-1.478528536
0.4483,-0.280024651
0.4495,0.753298416
0.4506,1.419490205
0.4515,1.081313277
0.4529,0.023692874
0.4536,0.309886521
0.4548,-0.233182158
0.4558,0.408538258
0.4573,0.693354901
0.458,-0.35436342
0.4593,-0.5682126
0.4606,-1.520984702
0.4619,-0.523726996
0.4629,0.369527912
0.4642,1.966862782
0.4651,2.271120957
0.4661,1.477200316
0.4668,1.4603833
0.4675,-0.199799301
0.4687,-1.354837259
0.4693,-1.55036238
0.4703,-1.239442083
0.4712,-1.443525663
0.4721,-0.481224032
0.4726,0.526665695
0.4732,0.123885737
0.4741,0.98484099
0.4753,0.432755178
0.4767,0.392772398
0.4782,0.145864441
0.4797,1.172040389
0.4807,0.555879518
0.4816,0.87670904
0.4822,0.067480486
0.4835,-1.113611224
0.4848,-2.107488893
0.4863,-1.243737124
0.487,0.046789875
0.4876,0.835108479
0.4889,2.288839891
0.49,1.878519581
0.4911,0.941852104
0.4918,-0.133526163
0.4925,-1.003467547
0.4932,-0.764919176
0.4941,-0.698078657
0.4949,-0.322814057
0.4955,-0.417749846
0.4965,-0.333965512
0.4973,0.265759635
0.4988,-0.8051853
0.4996,-0.929050654
0.5009,-0.061716209
0.5023,0.997840251
0.5033,1.750589249
0.5048,1.149075365
0.5059,0.835897492
0.5071,-1.197011118
0.5086,-2.234706781
0.5094,-1.330276863
0.5108,-0.46710315
0.5116,0.853637231
0.5122,1.391793266
0.5136,1.735370391
0.5149,1.12166028
0.5156,0.009467855
0.5169,-0.299734987
0.5178,-0.036650132
0.5186,0.391009207
0.5193,0.439742405
0.5198,0.654979342
0.5211,0.283384653
0.5219,-0.145649619
0.523,-0.940013707
0.5237,-0.828502582
0.5247,-0.717301632
0.5259,0.771237102
0.5266,1.520903384
0.5277,2.454266889
0.5292,1.549829636
0.5304,0.466860353
0.5313,-0.407530556
0.532,-1.800350089
0.5331,-1.819894873
0.5345,-0.276100368
0.5351,0.269621586
0.5364,0.413660768
0.5369,0.701559586
0.5384,0.068384059
0.5394,0.368072584
0.5405,0.332258192
0.5412,-0.000985734
0.5421,0.636959446
0.5433,1.280982187
0.5445,0.417177734
0.5456,-0.544489953
0.5462,-1.545836432
0.5471,-1.916495371
0.5486,-1.723312678
0.55,0.908501316
0.5506,1.26076892
0.5516,2.411156075
0.5523,1.506470976
0.5537,1.233212994
0.555,-0.671104615
0.5563,-0.601843188
0.5571,-0.678999433
0.5579,-0.779997343
0.559,-0.088097163
0.5605,-0.222237589
0.5613,0.145287545
0.562,-0.761031126
0.5626,-0.510704447
0.5634,-0.831286061
0.5641,0.183336576
0.565,0.771330876
0.5661,1.848448256
0.5673,1.360860565
0.5679,1.120587322
0.5687,1.128263765
0.5699,-0.394431987
0.5708,-1.591044786
0.5714,-2.146147264
0.5722,-1.637764057
0.5736,-0.180913674
0.575,0.866280243
0.5756,1.466493991
0.5763,1.958664751
0.5777,0.465653451
0.5791,0.35332024
0.58,-0.176932859
0.5808,-0.37161469
0.5815,0.607016648
0.5827,0.191324178
0.584,-0.339724484
0.5846,-0.538874651
0.5857,-1.54893374
0.5863,-0.881252446
0.5876,-1.038511114
0.5885,0.166055269
0.5894,0.969215826
0.5902,1.975368823
0.5907,1.773782281
0.5917,1.875276692
0.5931,-0.072133396
0.5946,-1.337360845
0.5953,-1.158106033
0.5961,-1.775361937
0.5967,-0.77863386
0.5978,-0.047004378
0.5991,0.539276171
0.6003,0.238243976
0.601,0.420890383
0.6017,0.64034884
0.6031,0.15918087
0.6044,0.290856565
0.6052,0.958500231
0.6063,0.862738565
0.6073,0.65800243
0.608,-0.190194068
0.6089,-1.051249338
0.6096,-1.405998759
0.611,-1.181184267
0.6123,-0.025809434
0.6137,1.181236498
0.6147,1.956350689
0.6162,1.138623848
0.6175,0.576576457
0.6185,-0.183428898
0.6192,-0.924110442
0.6205,-0.37749719
0.622,0.417780662
0.623,0.363657159
0.6242,0.346986161
0.6257,-0.707945061
0.6271,-0.155208046
0.6285,1.568709604
0.6297,2.226842195
0.6303,1.482614756
0.6309,1.683304802
0.6319,-0.133245074
0.6329,-1.176896044
0.6343,-1.787371647
0.6357,-1.221985172
0.6368,-0.117287138
0.6379,0.938797058
0.6389,1.791772839
0.6401,1.142209605
0.6414,0.305323388
0.6422,0.368096696
0.643,0.204374655
0.6445,0.293215605
0.6453,0.781305761
0.6464,0.307067432
0.6475,-0.080117647
0.6481,-0.529682231
0.649,-0.767592902
0.6502,-0.559585105
0.651,0.224215376
0.6525,2.004866772
0.6535,2.680136456
0.6542,2.095082649
0.6553,1.325342808
0.656,0.238524563
0.6571,-1.049019498
0.6586,-1.49449188
0.6593,-1.375978882
0.6601,-0.233518503
0.6611,0.852194709
0.6623,1.218682945
0.663,1.267085367
0.6643,0.404054414
0.6656,-0.239594076
0.6669,1.066822615
0.668,1.380171288
0.6694,0.925588409
0.6702,0.317035214
0.671,-0.015686216
0.6719,-0.88444256
0.6726,-1.634202396
0.6736,-1.787811998
0.675,-0.219323998
0.6758,1.054008787
0.6768,1.44602764
0.6778,1.905492603
0.6788,1.573711366
0.6796,0.756868531
0.6806,-0.254679956
0.6819,-0.98379542
0.6828,-0.39646133
0.6836,-0.298808212
0.6848,0.39439019
0.686,0.541034539
0.6874,0.188836954
0.6883,-0.837604033
0.6894,-0.105823414
0.6905,0.382885488
0.6917,1.288238393
0.6932,1.541297988
0.6945,0.227604743
0.6953,0.049658554
0.6962,-1.774219449
0.6976,-1.475990334
0.699,0.035468217
0.6996,0.677494665
0.7005,1.633051423
0.7012,1.80933979
0.7019,1.921533375
0.7025,1.622645437
0.7034,0.801284365
0.7045,0.552494181
0.7055,-0.031037371
0.7065,-0.321331783
0.7078,0.517511103
0.7087,0.720671841
0.7098,-0.250448876
0.7105,-0.656250345
0.712,-1.507558524
0.7134,-0.286785765
0.7147,1.4334026
0.716,1.722518451
0.7168,1.879803396
0.718,1.839078159
0.7195,-0.772061623
0.7201,-1.449774119
0.7213,-1.152481027
0.7222,-0.992365262
0.7236,0.207453032
0.7246,0.745540907
0.7251,1.006628844
0.7256,1.276032574
0.7265,1.123867106
0.7272,0.881460217
0.7277,-0.154515466
0.7289,-0.021077507
0.7303,1.059649797
0.7315,0.812952517
0.7327,1.085505074
0.7338,0.297134719
0.7352,-1.455162552
0.7365,-1.271988207
0.7374,-1.084980592
0.7385,0.754693175
0.7393,1.044044418
0.7401,2.509964327
0.7411,2.503420751
0.742,1.771281581
0.7434,-0.365889863
0.7448,-0.459652931
0.7458,-0.423935429
0.7464,0.008770221
0.7469,-0.045356934
0.7483,0.626187925
0.7489,0.460799953
0.7499,-0.253459758
0.7512,-0.006718763
0.752,-0.199506996
0.7532,0.588939462
0.7546,2.097230554
0.7556,2.347065433
0.757,1.508790041
0.7582,-0.621888753
0.7589,-1.077091899
0.7602,-1.568222674
0.7609,-0.933017992
0.7622,-0.416686753
0.7635,1.294708592
0.7641,1.508019952
0.7646,1.625745976
0.7657,1.470974941
0.7666,0.330375388
0.7678,0.035422614
0.7692,-0.20509194
0.7704,0.609541005
0.7716,0.551677423
0.7724,-0.275297326
0.7729,0.037496181
0.7738,-0.731818079
0.7748,-1.101186936
0.7758,-1.018786451
0.7765,0.075512737
0.7772,0.335202305
0.778,1.50371662
0.7791,2.200716557
0.7797,1.820930735
0.7809,1.159688059
0.7823,-0.409594996
0.7832,-1.359459582
0.7842,-0.949747769
0.7853,-0.805374813
0.786,0.128634048
0.787,0.53527955
0.7884,1.211133307
0.7899,0.152585683
0.7913,0.596948065
0.7926,0.520136054
0.7934,1.401739868
0.7949,0.860116703
0.7962,0.111993628
0.7973,-1.069483195
0.7981,-0.997172162
0.799,-2.012211024
0.8004,-0.445609459
0.8016,1.428061106
0.8029,1.708359158
0.8041,1.867663273
0.8051,1.177677003
0.8059,-0.050030588
0.8073,-0.556606951
0.8084,-0.142816448
0.8092,-0.341691773
0.81,-0.047326621
0.8111,-0.16650927
0.8118,0.396131341
0.8126,-0.049888977
0.8137,-0.575854928
0.8151,0.146087942
0.8159,0.777144464
0.8172,1.478847275
0.8181,1.887710875
0.8191,1.410199938
0.8197,1.317628027
0.821,-0.270662034
0.8216,-1.05704546
0.8224,-1.695299373
0.8236,-1.562277117
0.825,0.142133707
0.8264,1.587329566
0.827,1.125980902
0.8283,1.625289502
0.8294,0.915747023
0.8309,-0.02141532
0.8321,-0.101851636
0.8331,0.504237286
0.8337,1.034101581
0.8343,0.54238159
0.8355,-0.170685348
0.8369,-0.577357891
0.838,-1.102553955
0.8393,-0.139465346
0.8404,1.17096841
0.8414,1.99570778
0.8428,1.808179721
0.8438,1.499550607
0.8446,-0.121179236
0.8456,-0.781470681
0.8464,-0.851626969
0.8474,-0.78662888
0.8483,-0.529952103
0.8492,0.570169507
0.8501,1.174359006
0.8506,1.153445
0.8514,0.975317003
0.8523,0.403723604
0.8535,0.079418368
0.8548,-0.045697449
0.8555,0.968677831
0.8564,1.498358991
0.8574,1.77263961
0.8587,0.318181598
0.8592,0.124008573
0.8603,-0.725933214
0.8616,-1.247104646
0.8625,-0.939323113
0.8636,-0.171936394
0.8642,0.206872995
0.8649,1.904472151
0.8658,2.203942428
0.867,2.38854947
0.8676,1.336464489
0.869,0.229616579
0.8696,0.019862399
0.8708,-0.909337726
0.8714,-0.181848302
0.8721,0.049801106
0.8734,0.191111946
0.8742,0.230013318
0.8752,-0.306289527
0.8761,-0.315966173
0.8771,-0.661338021
0.8782,0.172440367
0.879,1.021928048
0.8805,1.338879251
0.8818,1.456494372
0.8827,0.999783367
0.8837,-0.631522435
0.8845,-0.84462065
0.8852,-1.701043281
0.8864,-1.094097147
0.8873,-1.159549955
0.8882,0.502589042
0.8893,0.947054805
0.8903,2.122526075
0.8912,1.088786879
0.892,0.399072968
0.8932,0.609821894
0.8945,0.329646176
0.8955,0.396223717
0.8969,0.009109867
0.8983,-0.499585779
0.8989,-0.491778297
0.9002,-0.702243211
0.9015,-0.499980576
0.9023,-0.310704656
0.903,1.158273516
0.9039,1.576259865
0.9044,1.564264432
0.905,2.511638415
0.9056,2.118565869
0.9069,1.137741842
0.9075,0.291068039
0.9082,-0.251228438
0.9094,-1.297151024
0.9107,-0.559178959
0.9118,-0.003685893
0.9133,1.227327312
0.9147,0.487576208
0.9155,-0.016926731
0.9162,0.232112811
0.9173,0.565648949
0.9179,0.861927039
0.9186,0.76191179
0.9193,0.672587182
0.9203,0.951427757
0.921,1.030530787
0.9215,0.803096208
0.9225,-0.096419897
0.9238,-1.383703446
0.9252,-1.81327912
0.926,-0.655824057
0.9268,-0.142063754
0.9279,1.189736979
0.9286,1.822349211
0.9296,2.300157741
0.9305,1.774674762
0.9317,0.60504112
0.9331,-0.236002225
0.9343,-1.084411414
0.9351,-0.479316859
0.9357,-0.297621834
0.9363,-0.047959292
0.9377,-0.224826959
0.9388,0.11830609
0.9395,0.075436922
0.9409,0.071074469
0.942,1.04926569
0.9426,1.151854698
0.944,2.246780102
0.9455,0.539434806
0.9467,-0.404372091
0.9473,-1.589732564
0.9485,-1.625352138
0.95,-1.280042569
0.9514,0.555856519
0.9529,1.706662254
0.9543,1.317949705
0.9552,0.92728745
0.9563,-0.258408251
0.957,-0.336272154
0.958,0.595271651
0.9589,0.477142066
0.9601,0.264224417
0.9615,0.122770303
0.9625,-0.599735128
0.9635,-1.314052559
0.9641,-1.218932781
0.9646,-0.35698438
0.9653,0.200697639
0.9664,1.718712957
0.9669,2.200645701
0.9682,1.877260427
0.9695,0.982667815
0.9702,0.657419589
0.9707,-0.681379807
0.9713,-1.185747009
0.9722,-1.903764421
0.9732,-0.923079541
0.974,-0.695673158
0.9747,0.300247448
0.9759,0.667086271
0.9766,1.083848894
0.9771,1.034358158
0.9779,0.922717209
0.9785,0.58249261
0.9792,0.38665827
0.9806,0.356665939
0.9819,1.10229914
0.9828,0.864778447
0.9835,0.934554303
0.9843,0.504774339
0.9849,0.291868009
0.9858,-1.029052829
0.9871,-1.307265547
0.9878,-1.206501948
0.9892,0.035460639
0.9898,0.784132996
0.9904,1.535933316
0.991,1.616285746
0.9917,1.724072709
0.9923,1.784270941
0.9931,1.39452257
0.9944,-0.153595228
0.9959,-0.413580508
0.9967,-0.742760939
0.998,-0.000928722
0.9992,-0.153217623
1.0006,0.078270759
1.0018,-0.199049662
1.0024,-0.427347007
1.0031,-0.139418205
1.0042,-0.136257945
1.005,0.459292547
1.0056,1.418635731
1.0068,1.753505655
1.0073,1.906002114
1.0081,0.986941662
1.0087,0.605587192
1.0099,-0.533713105
1.0106,-1.516570005
1.012,-1.881400204
1.0127,-0.824791415
1.0136,-0.296433611
1.0144,0.443722564
1.0155,1.846086424
1.0165,1.68689606
1.0174,0.769700683
1.0186,-0.274789158
1.0197,-0.326660025
1.0202,-0.195179906
1.0217,0.687269356
1.0224,0.663056018
1.0238,-0.070584492
1.0252,-1.222049199
1.026,-0.993797929
1.0268,-1.087482366
1.0277,-0.288695666
1.0284,0.354389336
1.0294,1.700308774
1.0307,2.250524442
1.0319,1.748257013
1.0328,0.476053464
1.0337,-1.080181023
1.0348,-1.211114136
1.036,-1.155341286
1.037,-0.833307703
1.0383,0.658482655
1.039,0.752148833
1.0395,1.214333703
1.0408,0.85460697
1.0422,0.336875598
1.0436,0.397267196
1.0443,0.986257584
1.0458,1.604115789
1.0472,0.73220311
1.0483,-0.285779641
1.0493,-1.360982842
1.0505,-1.279133742
1.0517,-0.533226514
1.0524,0.443649526
1.0539,1.775038042
1.0548,1.816241211
1.0562,1.232346914
1.0572,-0.039789405
1.0579,-0.071936503
1.0592,-1.299412949
1.0598,-0.366451512
1.0603,-0.468576627
1.0609,-0.463676583
1.0623,-0.308168258
1.063,0.37642375
1.0635,0.13620532
1.0647,-0.499613441
1.0653,-0.839940921
1.0667,0.242506589
1.0676,0.303443726
1.0682,1.343679324
1.0694,2.173723235
1.0702,1.622419635
1.0709,1.131403605
1.0718,0.128995841
1.0726,-1.184169025
1.0737,-2.044846093
1.075,-1.93947654
1.0762,-0.449322892
1.0769,0.144897957
1.0782,1.290507454
1.0794,1.356448918
1.0807,0.213877829
1.0813,0.547141445
1.0826,-0.260761593
1.0831,-0.007703704
1.0844,-0.247143092
1.0849,-0.132343347
1.0859,0.569153511
1.087,0.099619264
1.088,-1.425156985
1.089,-1.013192297
1.0896,-1.656855577
1.0903,-0.884564139
1.0915,0.319767488
1.0923,1.294829002
1.0929,1.685323226
1.0938,1.666557706
1.0953,0.398882272
1.096,-0.397874663
1.0972,-1.303337053
1.0986,-1.421113544
1.0993,-0.793313999
1.0999,-0.524091051
1.1012,0.180921833
1.1019,1.001420234
1.1025,0.798449073
1.1031,0.555992035
1.104,0.716306112
1.1046,-0.066016497
1.1056,-0.105852685
1.1063,-0.086727495
1.1072,0.307751433
1.1084,1.350698505
1.1091,1.202453424
1.1101,0.633070173
1.1113,-0.492423958
1.1126,-1.933055326
1.1136,-1.564914575
1.1148,-0.741648269
1.1162,0.805348993
1.1173,1.983995354
1.1182,1.584748945
1.1194,1.067409466
1.1202,0.125980839
1.1216,-0.933834631
1.1224,-1.156878406
1.1232,-0.916858594
1.124,-0.554522394
1.1249,-0.100484628
1.126,-0.309997514
1.127,-0.740375025
1.1284,-0.504038668
1.1295,0.076572584
1.1302,-0.05648515
1.1316,1.180439156
1.133,1.293628401
1.1336,1.082748571
1.1342,0.406002193
1.1347,-0.310740127
1.1353,-1.330275279
1.1363,-1.876618965
1.1368,-2.384236626
1.1376,-2.065731881
1.1381,-1.832146951
1.1391,-0.863797241
1.1401,0.240560902
1.141,1.595153438
1.1416,1.43248619
1.143,1.028123752
1.1439,-0.037565543
1.1444,-0.494163321
1.1454,0.07616921
1.146,-0.020462796
1.1472,-0.188230036
1.1481,-0.168805401
1.1493,-0.021740862
1.1505,-1.210438308
1.1514,-0.980714041
1.1519,-1.307546551
1.1525,-1.379563136
1.1538,0.168309193
1.155,0.843182381
1.1564,1.572774149
1.1578,1.078955445
1.1592,-0.809744467
1.1599,-0.790087331
1.1605,-1.206477681
1.1618,-1.528628217
1.1626,-0.515613476
1.164,0.588916905
1.1649,0.756648599
1.1656,0.350093108
1.1666,0.63516385
1.1672,-0.00706994
1.1678,-0.405573946
1.1684,0.42297206
1.1693,0.729565206
1.1702,0.805688056
1.1714,1.245841213
1.172,1.339337506
1.173,-0.110735816
1.1742,-1.301605381
1.175,-1.157166435
1.1756,-2.206651644
1.1765,-2.122228252
1.1776,-0.30486758
1.1782,-0.289122885
1.1796,2.072615438
1.1803,1.869042078
1.181,1.287282061
1.1818,0.610897443
1.1827,0.227476059
1.184,-0.673618813
1.1849,-1.444732032
1.1862,-0.848471256
1.1875,0.247065715
1.1887,0.221603914
1.1892,0.295663668
1.1897,-0.846795765
1.1907,-0.503236111
1.1914,-0.350002875
1.1919,-0.581972215
1.1931,-0.079885329
1.1942,1.47295507
1.1956,1.369839995
1.1961,1.331622697
1.1967,1.024165389
1.198,-1.039574053
1.1991,-1.900145026
1.2002,-1.665564765
1.2011,-1.276587699
1.2016,-0.544001799
1.2024,-0.090486476
1.2031,0.892276654
1.2041,1.562288532
1.2047,1.498504253
1.2062,0.093207907
1.2073,-0.068791405
1.208,-0.472445746
1.2085,-0.752345069
1.2093,-0.507474147
1.2107,-0.014499199
1.2116,0.349877483
1.2129,-0.535474347
1.2136,-0.689631631
1.2142,-1.681295866
1.2155,-1.290737973
1.2161,-0.392415787
1.2166,-0.07358333
1.2177,0.80376798
1.2185,1.847521398
1.2199,2.03081384
1.2213,0.224403609
1.2221,-0.706837544
1.2228,-1.457809049
1.2234,-1.252043692
1.2246,-1.435749571
1.2253,-0.56339724
1.2267,0.280925872
1.2273,0.602866392
1.2279,0.7822376
1.2285,0.588006993
1.2297,-0.355655222
1.2307,-0.061655256
1.2316,-0.389868033
1.2328,0.601743096
1.2336,1.285848241
1.2346,0.394111111
1.2355,0.283832538
1.2361,0.158607084
1.2375,-1.712850196
1.2389,-2.016866976
1.2394,-1.71249016
1.2401,-1.571772357
1.241,-0.446115713
1.2421,1.468671631
1.2434,1.485791118
1.2446,0.997901624
1.2459,-0.61068894
1.2466,-0.844734396
1.2479,-1.364772796
1.2491,-0.178055994
1.2504,0.18114459
1.2512,0.085287662
1.2521,0.121217235
1.2533,-0.37604384
1.254,-0.206070501
1.2547,-0.586843125
1.2554,0.143632746
1.256,-0.00477094
1.2565,0.927980868
1.2572,1.53533134
1.2582,1.582091452
1.2592,0.794611946
1.2605,-0.818324223
1.2616,-1.569157085
1.2629,-2.149959634
1.2641,-1.1077693
1.2649,-0.318055101
1.2658,0.555966598
1.2666,1.177539448
1.2672,1.190607582
1.2681,1.502568203
1.269,0.205249583
1.27,-0.15756462
1.2707,-0.094112998
1.2715,-0.141671467
1.2725,-0.11794373
1.274,0.400986187
1.2747,-0.259856218
1.2759,-1.217856244
1.2771,-1.734932458
1.2785,-0.659919535
1.2792,-0.183575701
1.2797,0.48422051
1.2812,1.110052827
1.2819,1.40781817
1.2826,1.666502309
1.2835,0.848996209
1.2849,-0.297762282
1.2856,-1.066319132
1.287,-1.8070441
1.2877,-1.431597408
1.2886,-1.051138316
1.2901,0.628852919
1.2906,0.729974464
1.2916,0.177500999
1.293,0.399241488
1.294,-0.194709126
1.295,0.648147541
1.2961,0.501409068
1.297,1.400795902
1.2979,0.925552922
1.2984,0.758663785
1.2994,-0.895996162
1.3002,-1.513716053
1.3016,-2.151966502
1.3026,-1.361312822
1.3036,-0.191476495
1.3047,1.197883174
1.3056,1.625206551
1.3065,1.788164364
1.3073,0.732153526
1.3081,0.39835188
1.3089,0.065397963
1.3098,-0.786440583
1.3104,-1.146835903
1.3112,-0.878866327
1.3127,0.094251357
1.3136,-0.153882161
1.315,-0.162829122
1.3163,-0.96364686
1.3169,-0.620662342
1.318,0.150139706
1.3195,0.733685818
1.3205,1.776958316
1.322,1.037859051
1.3228,0.345820169
1.3235,-0.547278918
1.3249,-2.28574292
1.3261,-1.835347476
1.3276,-0.919120994
1.3281,0.491825201
1.3287,0.766679701
1.3295,1.012825209
1.3304,0.824659665
1.3312,1.181124962
1.3324,-0.132010751
1.3335,-0.426175038
1.3342,-0.05366281
1.3351,0.378207137
1.3362,0.142259697
1.3372,0.359759484
1.3379,0.165357787
1.3394,-1.243676508
1.3408,-1.046017456
1.342,-0.377240004
1.3429,0.715627819
1.3436,1.527046323
1.3446,1.578010019
1.3456,1.381848783
1.3462,1.202886181
1.3468,0.258441317
1.3476,-0.312628844
1.3489,-1.739270001
1.3495,-1.55443876
1.3502,-1.756598073
1.3516,-0.549806301
1.3527,0.697252978
1.3539,0.016829685
1.3547,0.185786651
1.3559,0.031876905
1.3569,-0.540186327
1.3578,0.500253983
1.3586,0.35747204
1.3596,1.12874714
1.3602,0.705879825
1.3614,0.521825539
1.3621,-0.710098288
1.363,-1.714826972
1.3637,-1.918956793
1.3646,-1.590048744
1.3652,-1.78794273
1.3666,-0.52555974
1.3674,1.236212356
1.3684,1.853606863
1.369,1.499945972
1.3698,1.480236422
1.3706,0.461180934
1.3719,-0.198200121
1.3732,-0.897396426
1.3745,-1.229543323
1.3754,-0.63584699
1.3761,-0.507319255
1.3772,0.040333031
1.3779,-0.782330933
1.379,-1.104037827
1.3802,-1.01263345
1.3814,0.280847782
1.3821,0.497148095
1.3827,0.972503823
1.3832,1.548142738
1.3841,1.19656046
1.385,0.478924632
1.3857,-0.275051109
1.3865,-0.331110242
1.3872,-1.332038426
1.3878,-2.208296146
1.3885,-1.677543919
1.3893,-2.028256877
1.3903,-0.273060627
1.3913,0.115886961
1.392,1.253515966
1.3929,1.675131369
1.394,0.412240151
1.3955,-0.22374624
1.3967,-0.585248996
1.3974,0.128794809
1.398,0.399345143
1.3992,0.509967981
1.3998,0.103008996
1.4003,0.482284446
1.4016,-0.822060827
1.4025,-1.015534101
1.4032,-1.524497976
1.404,-1.464610046
1.4051,-0.100553722
1.4063,1.528798552
1.4072,2.14653396
1.4083,1.974222787
1.409,0.885226614
1.4099,0.427298061
1.4111,-1.513801427
1.4118,-1.45486416
1.4128,-1.352717577
1.4135,-0.759771693
1.4145,-0.5907871
1.4153,-0.304838189
1.4163,0.612158975
1.417,0.885569638
1.4184,0.146136288
1.4195,0.405685204
1.4201,0.417015691
1.4211,0.528580804
1.4224,1.093843618
1.4229,1.095152065
1.4241,0.538725355
1.4251,-0.727003654
1.4266,-1.438526117
1.4276,-2.007016806
1.4286,-0.893742285
1.43,1.094201661
1.4312,2.028701428
1.4322,1.866184782
1.4336,0.176576201
1.4345,-0.708461952
1.4354,-1.063091652
1.4368,-0.830083491
1.4377,-0.602192055
1.439,0.407372355
1.4404,-0.560213748
1.4417,-0.87708024
1.4422,-1.126629246
1.4436,-0.56803606
1.4442,-0.238458498
1.4448,0.295333836
1.4457,1.543257745
1.4469,2.037343652
1.4481,1.084940326
1.4487,-0.434412434
1.4501,-1.066643565
1.4507,-1.804133804
1.4517,-2.041622038
1.4531,-1.079479407
1.4538,0.185787216
1.4548,1.17250629
1.4558,1.016860881
1.4572,0.693626377
1.458,0.571698831
1.4593,-0.606674163
1.4603,0.215475866
1.4617,-0.129819607
1.4625,0.558824811
1.4636,-0.348304268
1.4642,-0.802852093
1.4656,-1.168505955
1.467,-0.691605015
1.4679,0.062851542
1.4691,1.338478032
1.4699,2.244333003
1.4713,1.427465018
1.4726,0.562579358
1.4735,-0.766432364
1.4744,-1.234198105
1.4752,-1.387324691
1.4757,-1.917172021
1.4772,-0.832234544
1.4778,-0.116214076
1.4788,0.92481095
1.4798,0.097608725
1.4809,0.30852203
1.4818,0.193489033
1.4826,-0.091411649
1.4839,-0.022689055
1.4851,1.378284485
1.4858,0.514865911
1.4869,0.680622184
1.4879,-0.653751749
1.489,-1.981071607
1.4897,-1.821931254
1.4911,-1.164309927
1.4919,-0.379141139
1.4931,1.330016208
1.4945,1.397992655
1.4951,1.99768072
1.4964,0.590545955
1.497,0.554217336
1.4984,-0.668223929
1.4996,-1.342530348
1.5006,-0.351383276
1.502,-0.033801284
1.5031,-0.497190687
1.5037,-0.257524245
1.5052,-0.414879354
1.5058,-0.641116853
1.5068,0.291783011
1.5077,0.563948084
1.5085,0.946387445
1.5092,2.118766988
1.5102,1.081908038
1.5117,0.181008473
1.5124,-1.320267259
1.5135,-1.647818799
1.5141,-2.350319029
1.5148,-2.15336645
1.5156,-1.069070464
1.5169,0.521619007
1.5183,1.120408951
1.5196,1.467123085
1.5209,0.426514009
1.5221,-0.248840707
1.5234,-0.128131293
1.5245,0.559003647
1.5256,0.317187411
1.5262,0.227542904
1.5272,-0.871828292
1.5282,-1.252961087
1.5292,-1.491719047
1.5299,-1.062558417
1.5305,-0.505210824
1.5318,0.652086263
1.5327,2.249458382
1.5338,2.462746
1.5347,0.978000093
1.5353,1.004322381
1.5367,-0.960721402
1.5381,-1.712810496
1.5387,-1.712930069
1.5396,-0.457292953
1.5404,0.153092474
1.5409,0.279276775
1.5418,0.580519987
1.5424,0.389023069
1.5435,0.707699315
1.5446,-0.395600626
1.5459,-0.168822482
1.5465,0.588224448
1.5478,0.767595717
1.5485,1.543490091
1.5495,0.758899823
1.5507,-0.669210163
1.5518,-1.421129006
1.5532,-1.276688164
1.554,-1.296187824
1.5554,0.215283372
1.5565,1.928000828
1.5572,1.818699771
1.5584,1.813470523
1.559,1.252223973
1.5595,0.437082491
1.5601,-0.187992008
1.561,-0.315692663
1.5621,-0.710561643
1.5627,-0.797594967
1.5636,0.098564985
1.5649,0.127211996
1.5663,0.214938843
1.5671,-0.200879391
1.5679,-0.255675188
1.5688,-0.637802029
1.5702,0.20306277
1.5715,1.711441051
1.5727,1.285428229
1.5733,1.288113371
1.5741,0.231716222
1.5754,-1.369958067
1.5764,-2.015185982
1.5778,-1.247108917
1.5787,-0.642793382
1.58,1.026818411
1.5815,1.802496864
1.5822,1.214951897
1.5836,0.10036052
1.5847,-0.550847158
1.5859,-0.2661428
1.5868,0.012373045
1.5879,0.494235493
1.5891,-0.28019128
1.5903,-0.544367832
1.5917,-1.557578683
1.5928,-1.106429627
1.5941,0.958103846
1.5953,2.02552956
1.5967,2.459143035
1.5981,1.190214059
1.5992,-1.042607258
1.6002,-1.773473385
1.6013,-1.346458138
1.6023,-1.049687123
1.6031,-0.175187437
1.6036,0.361594164
1.6045,0.504039071
1.6052,0.994072047
1.6061,0.459743525
1.6076,0.099320102
1.609,0.283428618
1.6099,0.422195935
1.6112,1.033287382
1.6122,0.832532556
1.6129,0.608078403
1.6141,-0.758918113
1.6146,-0.967905057
1.6152,-1.508366005
1.6161,-1.424009954
1.6175,-0.623003624
1.6187,0.864792419
1.6201,2.40124081
1.6209,2.172662708
1.6224,0.959947239
1.6237,-0.614077105
1.6247,-1.324385204
1.626,-0.677165417
1.6274,-0.325369175
1.6279,-0.190974402
1.6289,0.357643777
1.6294,-0.551817758
1.6309,-0.276878136
1.6322,0.239783949
1.6334,1.432538745
1.634,1.588969481
1.6348,1.548154789
1.6358,1.432339538
1.6368,0.285781995
1.6379,-0.673799898
1.6389,-2.039737567
1.6397,-1.387659604
1.6409,-1.492127208
1.6417,-0.616022496
1.6432,0.738908933
1.6444,1.709745031
1.6455,0.6979719
1.6461,0.705148697
1.6471,0.184792503
1.6482,0.144757196
1.6487,-0.154419963
1.6498,0.436839085
1.6508,0.732176819
1.6517,0.150202449
1.6524,-0.106839201
1.6534,-0.9098348
1.6549,-1.464363232
1.6555,-0.9984699
1.6564,0.155361527
1.6577,1.141692457
1.6591,2.061116283
1.6599,2.173597428
1.6607,1.065507068
1.6617,-0.411581231
1.6623,-0.7684093
1.6635,-0.958822921
1.6646,-1.580719512
1.6656,0.052913311
1.6664,0.305140417
1.667,0.726987332
1.6682,1.15570844
1.6689,0.447946179
1.6702,-0.054304938
1.6717,0.434699148
1.673,1.245468878
1.6738,1.687345159
1.6752,0.645576367
1.6762,-0.266688238
1.6777,-1.873698409
1.6791,-1.106740458
1.6802,-0.456677817
1.6809,-0.053075059
1.6821,1.325117969
1.6828,2.310429088
1.6839,1.385385291
1.6854,0.589408825
1.686,-0.293902522
1.6865,-0.468610532
1.6875,-0.739379247
1.6884,-0.518315604
1.6895,-0.33399518
1.6903,-0.280078783
1.6912,0.166624595
1.6924,-0.482836744
1.6932,-0.333960777
1.6942,0.078431551
1.6956,0.490955369
1.6965,1.58879515
1.6977,2.307845907
1.6985,1.800116342
1.6995,1.296694432
1.7004,-0.303318301
1.7019,-2.091648403
1.7026,-1.310506668
1.7031,-1.145531792
1.7041,-0.271208127
1.7052,0.167719941
1.7065,1.216860813
1.708,1.365306175
1.7086,0.648738767
1.7093,0.184865802
1.7105,0.472864031
1.7117,0.214369568
1.7127,0.520524091
1.7139,0.867182141
1.7153,-0.088658473
1.7163,-0.783255525
1.717,-1.318323507
1.7183,-0.793533763
1.7192,-0.294957916
1.72,1.306794297
1.7211,1.548632057
1.7217,1.744298319
1.7225,2.527968042
1.7234,1.135826749
1.7242,0.478450286
1.7248,-0.148741896
1.7261,-1.489415475
1.7268,-1.52156279
1.7275,-1.122413255
1.7281,-0.09176003
1.7288,0.52388114
1.73,0.956775802
1.7312,0.964590235
1.7322,0.259264717
1.7329,0.448825018
1.7337,0.332640972
1.7342,-0.026410915
1.7353,0.546218559
1.7362,1.224509792
1.7372,0.818670343
1.7378,0.641234852
1.7387,0.564832535
1.74,-1.309161149
1.7414,-1.159399296
1.7426,-1.118600047
1.744,1.24601292
1.745,1.566890776
1.7462,1.785375807
1.7475,1.245289196
1.7487,0.297019971
1.7501,-1.156090365
1.7509,-1.087797845
1.7517,-0.210458891
1.7524,-0.409985451
1.7539,0.783101983
1.7546,-0.327573853
1.7553,0.042442839
1.7564,-0.245130403
1.7574,0.08900274
1.7582,0.138898537
1.7595,1.010497824
1.7602,1.937486845
1.7608,2.061379933
1.7619,1.138403585
1.7631,0.306696154
1.7644,-1.690495132
1.7657,-1.316628137
1.7667,-1.130165846
1.7675,-0.262160526
1.7681,0.784442105
1.769,1.602486662
1.7701,1.748414089
1.7713,1.225900239
1.7724,0.81982076
1.773,0.360467677
1.7738,0.1083723
1.7745,-0.152697838
1.7753,0.031419669
1.7765,0.943390116
1.7775,0.433727163
1.7786,-0.596328566
1.7798,-1.328300659
1.7809,-0.909034204
1.7822,0.402572741
1.7834,2.027682918
1.7842,1.946146571
1.7856,1.77852824
1.7861,1.579946186
1.787,0.098029143
1.7877,-0.408028678
1.7887,-1.305749374
1.7895,-1.735638496
1.7902,-1.280095012
1.7911,-0.621818657
1.7918,0.114161862
1.7933,0.522169244
1.7944,0.489476589
1.7959,0.410532463
1.7973,0.167916895
1.7988,1.016025921
1.7994,0.802355755
1.8008,0.956329543
1.8021,-0.305393781
1.8029,-0.812206515
1.8043,-1.573821606
1.8058,-0.74890215
1.8071,0.784955285
1.8076,1.483961784
1.8081,2.432439438
1.8094,2.104924676
1.8106,0.549918574
1.8118,0.306432233
1.8123,-0.368065847
1.8136,-0.229269062
1.8141,-0.268003947
1.8154,-0.261239529
1.8164,0.543906438
1.8179,0.17227306
1.8187,0.052043613
1.82,-0.400284
1.8206,-0.270992749
1.8217,0.740173343
1.8225,1.581684078
1.824,1.601389621
1.8247,1.325511085
1.8254,0.812448626
1.8261,0.093950449
1.8275,-1.737523203
1.8289,-1.347348742
1.8302,-0.223945313
1.8308,0.60841495
1.8321,1.088676904
1.833,1.534304344
1.8338,0.955737295
1.835,0.16899658
1.8361,-0.2067191
1.8368,-0.25620493
1.8374,0.238342165
1.8383,0.669040598
1.8391,0.426162106
1.8402,0.46926759
1.8412,0.134200656
1.8418,-0.813337856
1.8432,-1.23123108
1.8447,-0.596615205
1.8453,0.31312754
1.8463,1.27069587
1.8475,2.071685342
1.8482,2.584902303
1.8495,0.566935212
1.8509,-1.29998582
1.8514,-1.184249348
1.8524,-1.170752708
1.853,-0.874597432
1.8535,-0.842558808
1.8549,0.286972022
1.8559,1.259833973
1.8569,1.298089319
1.8579,0.296085899
1.8585,0.462331333
1.8596,0.059756657
1.8605,0.830403286
1.8619,1.647224034
1.8632,1.412601643
1.8646,0.502006083
1.8659,-0.722398274
1.8666,-1.870227084
1.8678,-1.339035626
1.8689,-0.010649363
1.8699,1.212182442
1.8709,2.097158218
1.8719,1.770923047
1.8728,1.383173062
1.8741,0.313267846
1.8753,-0.453205466
1.8768,-0.399457764
1.8779,-0.185436608
1.8784,-0.013611258
1.8796,-0.163110192
1.8801,-0.032145224
1.8812,-0.02832449
1.8819,-0.213257594
1.8825,-0.747869482
1.883,-0.510696969
1.8839,0.509497939
1.8845,1.372326624
1.886,1.550479694
1.8866,1.757645211
1.8874,1.240601904
1.8887,-0.106480019
1.89,-1.768396492
1.8909,-1.939361485
1.8917,-1.238512881
1.8926,-0.946148304
1.8935,0.832442231
1.8945,1.395376852
1.896,1.807964635
1.8974,0.365189751
1.898,0.575650759
1.8986,0.151463428
1.8991,-0.108303614
1.8998,0.401790266
1.9011,-0.009878871
1.9019,0.875759603
1.9031,0.502301767
1.9041,-0.418692187
1.9051,-0.906982418
1.9057,-0.771885769
1.9065,-0.954818249
1.9072,-0.667599774
1.9084,0.425805965
1.9094,1.461748079
1.9106,1.804282474
1.9111,2.503362941
1.9124,0.508943565
1.9132,-0.726314648
1.914,-1.210973
1.9154,-1.74800517
1.9162,-0.662470632
1.9174,0.003399273
1.9188,0.634729474
1.9193,0.868509563
1.9205,0.996663914
1.9218,0.50723847
1.9225,0.644667319
1.9232,0.990294073
1.9246,1.561634361
1.9256,1.199520839
1.9264,0.520465967
1.9271,0.20378757
1.9282,-0.606321545
1.9296,-1.176969556
1.9304,-1.282052104
1.9316,-0.731671856
1.9326,0.907565755
1.9335,1.766471143
1.9346,2.17898185
1.9352,1.713468646
1.9367,0.01021123
1.9373,0.294877165
1.9379,-0.98687727
1.9386,-0.815897682
1.9401,0.042722076
1.9408,0.008105426
1.9421,0.60339641
1.9431,-0.27317395
1.9443,0.107334016
1.945,-0.741620671
1.9461,-0.188034387
1.9469,0.740582093
1.9478,1.352862749
1.9486,2.207089167
1.9499,1.410337268
1.9507,0.911611948
1.9517,-0.554313997
1.953,-1.152277905
1.9538,-2.121859513
1.955,-1.312161821
1.9562,0.01616775
1.9576,1.255475399
1.9589,1.997308149
1.9603,0.219281715
1.9618,-0.095312387
1.9631,-0.252152868
1.9639,0.737228543
1.9648,0.003716552
1.9659,0.41752615
1.967,-0.579671741
1.9681,-1.471182694
1.9691,-1.236553094
1.9698,-0.426320623
1.971,0.834299923
1.9725,2.301668864
1.9736,1.841282592
1.9746,1.262009891
1.9754,0.670622261
1.9763,-0.733342073
1.9771,-1.510429333
1.9779,-1.01497919
1.9787,-1.384960823
1.9801,0.35949304
1.9814,1.202338647
1.9826,0.83443013
1.9834,0.733117647
1.9845,-0.029842043
1.9854,0.678153087
1.9869,0.401564199
1.9882,1.281857259
1.989,1.346911746
1.9895,0.536690388
1.9906,-0.217412117
1.9921,-1.149617849
1.993,-1.960242973
1.9942,-0.492404029
1.9953,0.773979009
1.9968,2.245348412
1.9978,1.545023993
1.999,0.536224294
1.9996,0.826175856
2.0005,-0.591827355
2.0014,-1.15897965
2.0021,-1.034698504
2.0035,0.333083174
2.0046,0.64632804
2.0052,-0.062976212
2.0058,0.460443173
2.0064,0.112325066
2.0069,-0.392729683
2.008,-0.070338795
2.0087,-0.536014162
2.0094,-0.293908616
2.0108,1.533988248
2.012,1.514323789
2.0128,1.699818923
2.0133,1.058239876
2.0146,-0.741774394
2.0156,-1.736957263
2.0168,-1.397845447
2.0176,-1.067888355
2.0182,-0.434351783
2.0196,1.122093634
2.0206,1.096790997
2.0211,1.588794833
2.0225,0.745437629
2.0233,1.00183085
2.0239,0.350890028
2.0249,-0.165539687
2.0261,0.144501169
2.0273,0.433102363
2.0288,-0.127685759
2.0294,-0.324038148
2.03,-0.297111313
2.0311,-1.216909031
2.0317,-1.154251219
2.0323,-1.477297429
2.0332,-0.685782999
2.034,0.315490371
2.0352,1.823232218
2.0366,2.121488576
2.0377,1.261010123
2.0388,0.058357859
2.04,-1.508786986
2.0408,-1.664584655
2.0421,-0.624008842
2.0436,0.661465776
2.0446,0.770561342
2.0454,0.303348323
2.0466,0.134250504
2.0471,-0.27231353
2.0477,-0.200975073
2.0485,0.588430528
2.0499,0.847648444
2.0513,1.227046951
2.0524,0.892863448
2.0537,-0.69086462
2.0544,-1.316606579
2.0557,-1.329541961
2.0564,-0.971377585
2.0571,-1.060843274
2.0578,-0.209470678
2.0587,0.895387169
2.0601,1.767439201
2.0611,1.162890884
2.0624,0.093732771
2.0629,0.150467023
2.0635,-0.808400632
2.0642,-1.101863015
2.0656,-0.824999207
2.0665,0.274242635
2.0673,-0.083413747
2.0684,0.273732579
2.0696,-0.271878338
2.0704,-0.826766806
2.0715,-0.473315139
2.073,0.809920342
2.0737,1.063034313
2.0747,1.443976382
2.076,1.507716871
2.0766,0.893407376
2.0777,-1.052896168
2.0788,-1.775259343
2.0794,-1.381222614
2.0806,-1.5801376
2.0817,0.09785312
2.0825,0.635617413
2.083,0.692181907
2.0836,1.670521962
2.0846,1.708302127
2.0851,0.812125556
2.0856,1.235681876
2.0867,-0.114104592
2.0874,0.078220042
2.088,0.021820518
2.0886,-0.451408386
2.09,0.209845145
2.0905,0.563054247
2.0919,0.428978751
2.0932,-0.776584174
2.0944,-1.564411598
2.0956,-1.055544062
2.0963,-0.17044146
2.0975,1.169163738
2.098,1.853680624
2.0989,1.742095771
2.1,1.918059431
2.1007,0.720820453
2.1018,-0.804058788
2.1032,-1.138542107
2.1041,-0.983300162
2.1055,-0.220170773
2.1061,0.565478473
2.1067,0.717509673
2.1074,0.271255631
2.1086,0.362685549
2.11,0.117765431
2.1106,0.361494637
2.1117,-0.091444978
2.1128,1.248481369
2.1137,1.047562107
2.115,0.710142344
2.1159,0.218344908
2.1168,-0.797548018
2.118,-2.161991322
2.1185,-2.27902158
2.1192,-1.622072826
2.1199,-0.454409525
2.1209,0.739433873
2.1223,2.190994575
2.1228,1.44233627
2.1234,1.62736622
2.124,1.376493628
2.125,0.83655753
2.1263,-0.356058847
2.1273,-1.186390033
2.1284,-0.731201279
2.1292,-0.360413906
2.1304,-0.354637134
2.1318,-0.520038227
2.1324,-0.361191194
2.1332,-0.232273112
2.1338,-0.989235298
2.1345,0.103620681
2.1356,0.554585942
2.1366,1.680295107
2.1376,1.236345111
2.1387,0.973928286
2.1401,0.039444927
2.1409,-1.36506299
2.1414,-1.349185377
2.1423,-1.682616858
2.1433,-1.96715136
2.1444,-0.440998896
2.1449,0.020208866
2.1463,1.43363792
2.147,1.669982973
2.1482,0.943959412
2.1488,-0.018066473
2.1501,-0.007808926
2.1509,0.047087819
2.152,0.479715284
2.1534,-0.090971006
2.1548,-0.102562306
2.1557,-0.587303687
2.1563,-0.944745447
2.1578,-0.984620252
2.1587,-0.260687126
2.1599,0.466727289
2.1609,2.235717468
2.1623,2.074941964
2.1631,1.510275492
2.1644,-0.137351176
2.1658,-1.647652992
2.1673,-1.67384811
2.1684,-0.586589044
2.1692,-0.177898154
2.1699,0.425285957
2.1706,0.760748259
2.1718,0.832335317
2.1724,-0.159412485
2.1736,-0.291312352
2.1747,0.698717337
2.1754,0.489974797
2.1766,0.984319155
2.1779,0.701167507
2.1791,-0.790841051
2.1803,-1.615262405
2.1811,-1.777329513
2.1826,-0.576636432
2.184,0.706619694
2.1846,1.109903036
2.1855,1.671999484
2.1867,1.135032262
2.1881,0.193856669
2.1886,-0.564891909
2.1896,-1.408901585
2.1907,-0.759164189
2.1916,-0.236664194
2.1927,-0.04326953
2.194,-0.383826981
2.1948,-0.039634311
2.1962,-0.762032268
2.1976,-0.58246039
2.1986,1.016948265
2.1996,1.716026416
2.2006,1.384223928
2.202,0.799964128
2.2029,-0.201073165
2.2036,-0.659132486
2.2042,-1.242214458
2.2052,-2.165782256
2.2057,-1.66359126
2.2067,-1.401103553
2.2079,0.197777555
2.2092,0.974189724
2.2102,0.879890201
2.211,1.023462252
2.2124,0.036751409
2.2138,0.046946538
2.215,0.282631698
2.2157,-0.153168705
2.217,0.036274336
2.2183,-0.852482485
2.2196,-1.768580685
2.2206,-1.582942021
2.2216,-0.903769604
2.2223,0.384574482
2.2236,1.682728401
2.2242,1.886159964
2.2247,2.398035845
2.2257,1.84939082
2.2267,0.476566364
2.2281,-1.790911875
2.229,-1.788331436
2.2304,-1.056812149
2.2312,-0.661491589
2.2321,-0.044891185
2.2328,0.683691859
2.2335,0.32357368
2.2343,0.471289971
2.2354,0.165915442
2.2367,-0.045591211
2.2376,0.503795332
2.2384,1.01064643
2.2392,1.268781919
2.2404,0.530361979
2.2416,-0.335946835
2.2422,-1.321234949
2.243,-1.32128665
2.2436,-1.909314954
2.2446,-1.906710985
2.2458,-0.241514465
2.2471,1.027255838
2.2479,1.732638567
2.2489,1.649878468
2.2495,1.02814965
2.2501,0.930274056
2.2513,-0.350945459
2.2526,-1.020023012
2.2538,-0.415830702
2.2544,-1.066104487
2.2553,0.024955347
2.2561,-0.319878645
2.2575,-0.678273676
2.2586,-0.669613499
2.2596,-0.314636515
2.261,-0.082480255
2.2624,1.189509369
2.2632,2.038507035
2.2642,1.158902381
2.2648,0.420340523
2.2656,0.182423358
2.2661,-1.060788807
2.2669,-1.820897881
2.2677,-1.655037709
2.2685,-2.199318521
2.27,-0.630910902
2.2714,1.095131973
2.272,0.76764138
2.2732,1.022690043
2.2746,0.443142251
2.2754,-0.401084049
2.276,-0.751136864
2.2768,-0.256966096
2.2781,-0.13697598
2.2792,0.139579837
2.2803,-0.086716013
2.2816,-1.130406171
2.2825,-1.326711526
2.2835,-1.185446292
2.2847,-0.570267209
2.2854,0.278453622
2.286,1.541736135
2.2869,1.478642636
2.288,1.272821989
2.2885,1.228069669
2.2898,0.02219977
2.2907,-1.519556661
2.2921,-2.094449795
2.2932,-0.980868933
2.2943,0.043002746
2.2949,0.460120279
2.2956,0.652468683
2.2967,0.481591406
2.2981,-0.41933741
2.2988,-0.011036351
2.2997,0.3024085
2.3005,-0.114313737
2.3017,0.318050441
2.3027,0.423294405
2.3036,0.390983682
2.3048,-1.158775688
2.3054,-1.260000781
2.3061,-2.269672284
2.3072,-2.099200909
2.3084,-1.031861442
2.3098,1.243690684
2.3104,1.39821834
2.3118,1.396725881
2.3131,0.598528462
2.3136,0.371898558
2.3145,-0.498610456
2.3152,-0.666683392
2.3157,-1.416800949
2.3165,-0.844949135
2.3171,-1.174435089
2.3181,-0.493546042
2.3192,-0.301657648
2.3206,-0.633646267
2.322,-0.344718106
2.3232,-0.214564614
2.3245,0.46802999
2.3259,1.247912276
2.3273,0.668573943
2.3286,-0.390885153
2.3299,-1.900001556
2.3311,-2.152127825
2.3318,-1.271037946
2.333,-0.448013315
2.3337,0.560243618
2.3352,1.090409664
2.3365,1.125708798
2.3376,0.478273954
2.3381,0.3725356
2.3394,-0.476269969
2.3403,0.003773803
2.3411,-0.19047423
2.3421,-0.190796229
2.3428,-0.271811792
2.3433,-0.01220697
2.3448,-1.321390748
2.3455,-1.661779228
2.346,-1.538939928
2.3471,-0.553247646
2.3478,-0.48924024
2.3486,0.429978574
2.35,1.691453608
2.3506,2.041931581
2.3519,0.938072098
2.3532,-0.825951343
2.354,-1.685700893
2.3547,-1.713595202
2.3557,-1.794183782
2.3563,-0.873870503
2.357,-0.384395563
2.3577,0.409217976
2.3587,0.462025409
2.3594,-0.015997116
2.3603,0.122827742
2.3617,-0.243123702
2.3629,0.569651439
2.3639,0.376449477
2.3645,0.623626642
2.3655,0.993982077
2.3662,0.339345085
2.3668,0.444612549
2.3675,-0.358530983
2.3685,-1.958397025
2.3694,-2.081140801
2.3708,-1.599175171
2.3721,0.344214006
2.3726,1.222852159
2.3732,1.743171079
2.3741,1.706119507
2.375,1.742721211
2.3758,1.030512099
2.3769,-0.004648305
2.3777,-1.230045463
2.3783,-1.059963246
2.3789,-1.085197238
2.3797,-0.597821778
2.3807,-0.543440731
2.3819,-0.042180324
2.3828,0.073175406
2.3834,-0.098866676
2.3847,-0.848647716
2.386,-0.790094595
2.3866,0.307896454
2.3876,0.531639838
2.3884,1.867251517
2.3891,1.286839078
2.3897,1.740649523
2.3906,0.572858187
2.3913,-0.2783423
2.3928,-1.349615218
2.3943,-1.70581917
2.395,-1.406901282
2.396,-0.549437141
2.3974,0.84256055
2.3982,1.288067808
2.3992,1.113172786
2.4007,0.247518487
2.4012,-0.354573429
2.4018,0.112113214
2.4032,-0.545709567
2.4041,-0.251404174
2.4048,0.087839921
2.4058,-0.027394544
2.4063,-0.125978328
2.4072,-1.385471909
2.4084,-1.817786824
2.4097,-1.464006482
2.4108,-0.068514149
2.4114,0.893252719
2.4125,2.277183718
2.4131,2.378931269
2.4139,2.06688596
2.4146,0.497064639
2.4159,-0.299590616
2.4173,-1.380939843
2.4184,-1.312494134
2.419,-1.375896502
2.4199,-0.750863885
2.4207,0.340830282
2.4219,0.809581484
2.4225,0.55382136
2.4235,0.186284467
2.4243,0.199185829
2.4249,0.346574828
2.4261,-0.015043444
2.4276,0.959695373
2.4289,0.835464469
2.4296,0.19776896
2.4305,-0.937427549
2.4312,-1.07533576
2.4318,-2.001580558
2.4326,-1.933181646
2.4339,-0.674158512
2.4346,-0.40719121
2.4359,1.402559674
2.4372,1.835027836
2.4382,1.343958588
2.4395,-0.442250157
2.4401,-0.883331022
2.4409,-0.745093348
2.4418,-1.128129642
2.4428,-0.97281815
2.4436,-0.689146735
2.4441,0.308563827
2.4452,0.367364466
2.4461,-0.704979558
2.4474,-0.262563313
2.4479,-0.956866061
2.4489,-0.235966694
2.4503,0.689434749
2.4509,1.648097723
2.4522,1.852290559
2.4531,0.633398672
2.4542,0.036203682
2.4547,-0.837715202
2.4554,-2.039025102
2.456,-1.91727608
2.4568,-1.717246547
2.4581,-0.878603819
2.459,-0.357183912
2.4597,1.057757779
2.4609,1.678832872
2.4622,0.74839106
2.4628,0.476968818
2.4643,-0.628827776
2.4651,-0.362780402
2.466,-0.199810721
2.467,-0.015152063
2.4676,-0.130160072
2.4691,-0.803913488
2.4701,-0.996378309
2.4715,-1.241122455
2.4729,-0.298215143
2.4736,-0.029804488
2.4744,1.017647284
2.4751,1.418235851
2.476,2.355047841
2.4772,1.084058842
2.4779,0.564404927
2.4793,-0.753099602
2.4807,-1.190203474
2.4821,-0.415983822
2.4827,-0.452584852
2.4838,-0.018323162
2.4844,0.115171611
2.4857,0.376888217
2.487,0.281641857
2.4877,-0.082911544
2.4891,0.333155605
2.4899,1.081703142
2.4905,1.234015413
2.4911,0.896948106
2.4918,0.695408436
2.4929,-0.684445508
2.4934,-0.666051698
2.494,-1.445747931
2.4947,-2.141365279
2.4954,-1.581286976
2.4965,-1.161713862
2.497,-0.71276423
2.4981,0.154340662
2.4992,1.705199914
2.5002,1.338125232
2.5016,0.772087275
2.5022,-0.238047727
2.5031,-0.439215226
2.5042,-1.373918467
2.505,-0.89092006
2.5056,-0.703512444
2.5069,-0.152962712
2.5078,-0.21471662
2.5089,-0.539619662
2.5095,-0.412782584
2.5102,-0.525601234
2.5116,-0.550150845
2.5126,-0.059230373
2.5139,1.741936438
2.5146,1.353987821
2.5152,2.054390424
2.5164,1.088380927
2.5178,-1.425583007
2.519,-1.960577104
2.5204,-1.424371176
2.5218,0.425957394
2.5228,0.733223905
2.5238,1.117627851
2.5251,0.575697524
2.5258,-0.048743208
2.5267,-0.161294985
2.528,-0.292054646
2.5289,0.347897619
2.53,0.509974253
2.5306,-0.180817632
2.5312,-0.217287368
2.5326,-0.387654069
2.5334,-0.864732475
2.5348,-1.299056512
2.5362,0.231005198
2.5367,0.315893505
2.5375,1.6812116
2.5388,2.186239554
2.5402,0.742338424
2.5414,0.063217542
2.5429,-1.198040173
2.5437,-1.28480366
2.5447,-0.53562534
2.5457,0.351819619
2.5466,0.933596413
2.5474,1.111756604
2.5483,0.328743141
2.5497,-0.301020882
2.5511,0.336822355
2.5522,0.620693446
2.5535,1.156599497
2.5547,0.843798329
2.5562,-0.673460391
2.5567,-1.233854795
2.5575,-2.006740184
2.558,-1.74880757
2.5593,-0.968950241
2.5602,-0.431001065
2.5611,0.509092137
2.562,1.440880311
2.5631,2.238356786
2.5641,1.117544931
2.5654,0.108367304
2.5661,-0.756795272
2.5675,-0.841226105
2.569,-0.524193848
2.5705,0.12638088
2.5711,-0.304855869
2.5724,-0.329459728
2.5732,-0.999042392
2.5738,-0.129078735
2.5751,0.517672714
2.576,1.31079688
2.5766,1.729535706
2.5779,1.357666257
2.5789,0.972662085
2.58,-0.196224976
2.5812,-1.55265489
2.5823,-2.026457138
2.5838,-1.122619443
2.5847,0.104708333
2.5854,0.431770801
2.5868,1.011047255
2.5881,0.994512454
2.589,-0.224855959
2.5901,-0.034884239
2.591,-0.262085976
2.5921,0.085553094
2.5931,0.625898374
2.594,-0.118170625
2.5945,0.149585603
2.5952,-0.286228386
2.5966,-1.210319935
2.598,-1.288209842
2.5987,-0.633409484
2.5998,0.89359323
2.6009,1.604474409
2.6015,1.583044308
2.6022,2.188213938
2.6029,1.287133446
2.6041,-0.226162435
2.6046,-0.27440928
2.6052,-0.857023498
2.6064,-1.705218685
2.6073,-0.879268785
2.608,-0.022878789
2.6092,0.523579313
2.6103,0.984604168
2.611,0.810763935
2.6121,0.385842865
2.6134,0.176285455
2.614,-0.176296088
2.6151,0.193194514
2.6163,0.989273189
2.6178,0.488480453
2.6192,-1.15078055
2.6201,-1.474554127
2.6211,-1.597555052
2.6218,-1.010678497
2.6232,-0.261488466
2.624,0.815179784
2.6252,1.967755081
2.6262,1.44745007
2.6271,1.384599097
2.6276,0.666526675
2.6283,-0.147976618
2.6289,-0.962406912
2.6298,-0.701534829
2.6308,-0.257927316
2.6321,0.261249232
2.633,0.284451661
2.6339,-0.243265475
2.6346,-0.055388764
2.6359,-0.148765132
2.6372,-0.286973151
2.6382,0.303541727
2.6394,1.489248448
2.6401,1.904140065
2.6408,2.088367974
2.6422,0.567674326
2.643,-0.520444786
2.6443,-1.961997785
2.6454,-1.624522132
2.646,-1.640440754
2.6468,-0.716600827
2.6479,0.97212569
2.649,1.223740391
2.6505,0.883902179
2.6519,0.367651844
2.6528,0.110114417
2.6535,-0.116795978
2.6547,0.44680313
2.6553,0.468929663
2.6559,-0.065012116
2.657,-0.098612822
2.6576,0.256039378
2.6583,-0.224448751
2.6589,-1.028048645
2.6594,-1.301967134
2.6608,-0.867878323
2.6614,-0.181411451
2.6623,0.559535327
2.6637,1.484522798
2.6646,2.407057658
2.6654,1.898631174
2.6667,0.592628799
2.6681,-1.637618421
2.6692,-1.024447516
2.6702,-1.189025396
2.6711,-0.375646085
2.6719,0.608594513
2.6729,0.969011381
2.6738,0.474618435
2.6753,-0.170948922
2.6761,0.2042419
2.6769,0.58291908
2.6783,0.989380131
2.679,0.963695045
2.6805,1.036732573
2.6811,0.428225309
2.682,-0.762814753
2.6832,-1.658361848
2.6837,-1.320867156
2.6842,-1.610643906
2.6849,-1.416503516
2.6857,-0.749628037
2.6864,0.306790403
2.6872,1.865871359
2.6881,1.55092294
2.6891,1.914726879
2.6903,0.678641153
2.6913,-0.089104117
2.6927,-0.9820496
2.6937,-0.911542073
2.6942,-0.619447689
2.6952,-0.161544983
2.6963,0.074188188
2.6974,0.042647009
2.6985,0.038894834
2.6999,0.268410629
2.7012,1.01551378
2.7025,1.588822245
2.7037,1.529075254
2.7045,0.939883839
2.7054,0.487336392
2.7067,-1.073647205
2.7072,-1.428147886
2.7087,-1.598929528
2.7098,-0.504846155
2.711,1.029437379
2.712,1.308980459
2.713,1.153341123
2.7143,0.712422282
2.7157,-0.300956059
2.7165,-0.425454557
2.7178,0.237584856
2.7191,0.566392953
2.7204,-0.550509569
2.7214,-0.330983973
2.7228,-1.332043725
2.724,-0.041277283
2.7251,0.22531353
2.7264,1.769622404
2.7269,2.667967223
2.7274,1.729445865
2.7279,2.151713178
2.7285,0.999622952
2.7291,1.230117889
2.7297,0.046354981
2.731,-1.568051078
2.7321,-1.797884545
2.7331,-0.637067257
2.7345,0.479481768
2.7352,0.872598743
2.7364,0.359849008
2.7376,-0.010610213
2.7387,0.376101935
2.7395,0.666498001
2.7404,0.53821635
2.7418,0.740365595
2.7431,1.184079903
2.7439,0.751892902
2.7447,-0.038906313
2.7453,-1.32443133
2.7465,-1.650993118
2.7475,-1.377768104
2.7488,-0.375239483
2.7503,2.260625898
2.7515,1.799667201
2.7525,1.621258668
2.7533,0.273365079
2.7539,-0.095177681
2.7553,-0.788529546
2.7566,-0.543469736
2.7574,-0.441755276
2.7585,0.39990716
2.7596,0.067033793
2.7605,0.174300996
2.7612,0.01399493
2.762,-0.333265134
2.7628,-0.589394126
2.7633,0.233979131
2.7645,1.593915535
2.7658,2.210003766
2.7664,1.813788044
2.7678,1.221113258
2.7692,-1.20003272
2.7701,-2.035936246
2.771,-1.285020857
2.7717,-1.015078929
2.773,-0.241859979
2.7742,1.133956526
2.7754,1.23326318
2.7765,0.824331379
2.7779,0.420859839
2.7784,0.344507164
2.7794,0.434587855
2.7806,0.78927793
2.7818,0.91469493
2.7833,-0.19651981
2.7839,-0.534879327
2.7851,-0.996023262
2.7857,-0.607961681
2.7863,-0.833921651
2.7877,0.534332185
2.7884,0.890053488
2.7892,2.201473028
2.7898,1.882340454
2.7912,2.135116675
2.7919,0.578747643
2.7926,0.316147943
2.7936,-1.021729982
2.7947,-1.350003382
2.7959,-0.396690783
2.7965,0.132430826
2.7974,0.385590076
2.798,0.276500322
2.7987,0.761012961
2.7995,0.416061547
2.8003,0.087510384
2.8011,0.008009663
2.8023,0.155776922
2.803,0.621705798
2.8041,1.276447564
2.8052,1.54826262
2.806,0.633093344
2.8075,-0.239944057
2.8088,-0.95187859
2.8099,-1.992667331
2.8112,-0.853036473
2.8122,1.303078033
2.8132,2.370613947
2.8138,2.14415146
2.8145,2.041445033
2.8156,0.859257418
2.8166,0.627306091
2.8176,-0.310579107
2.8186,-1.013645526
2.8198,-0.779413333
2.8212,-0.085965645
2.822,0.576685335
2.8234,0.072858461
2.8241,-0.376289787
2.825,-0.077355941
2.826,0.431161583
2.827,1.168534186
2.8281,1.359859803
2.8294,1.813896849
2.8304,1.424530128
2.8317,-0.524265952
2.8324,-1.577604708
2.8335,-1.747162481
2.8347,-1.2565793
2.8353,-0.071521306
2.8367,1.154220613
2.8379,1.383728703
2.8392,0.866708588
2.8399,0.575984009
2.841,0.572070981
2.8415,0.163072996
2.8424,0.191802156
2.8437,0.632371937
2.8446,0.95290683
2.8455,0.645133925
2.8461,0.135198731
2.8475,-1.320767223
2.8488,-0.536200826
2.8499,-0.272900991
2.8508,1.113097838
2.8522,1.76330591
2.8535,2.34522124
2.8547,0.898055733
2.8552,0.398312225
2.8564,-1.032621187
2.8573,-0.985622393
2.8587,-0.679811378
2.8595,0.143635427
2.8601,0.357612601
2.8612,0.974724278
2.8626,0.952056788
2.8634,0.342986071
2.8639,0.698452806
2.8646,0.492934888
2.8653,0.885565756
2.8664,0.580395094
2.8671,0.92239662
2.8683,1.050158785
2.8688,1.34082418
2.8697,0.08098556
2.8702,-0.240626969
2.8711,-1.106998689
2.8717,-1.227550961
2.8725,-1.843374078
2.8739,-0.580262726
2.8751,0.595714128
2.8756,1.610029584
2.877,2.20532289
2.8776,1.779306646
2.8785,1.132633598
2.88,-0.521209605
2.8815,-0.382656406
2.8821,-0.593308995
2.8831,-0.420454061
2.8836,0.410345992
2.8849,0.226775993
2.8856,0.389688887
2.8869,0.09844184
2.8881,0.142924888
2.8889,0.671279241
2.8895,0.536002453
2.89,1.490247649
2.8911,1.815664667
2.8917,1.805215793
2.8923,1.721692361
2.8928,1.502777878
2.8941,-0.158581688
2.8947,-0.551633075
2.8956,-1.333488747
2.8969,-1.142664623
2.8979,-0.321950161
2.8989,0.918326388
2.8995,0.895723598
2.9007,1.567203842
2.9016,0.986834966
2.9021,0.981189125
2.9029,0.175389911
2.9041,0.355567943
2.9048,-0.415616207
2.9054,0.121293814
2.9065,0.142007342
2.9071,0.265058053
2.9077,0.267396085
2.9086,-0.128287647
2.9092,-0.195329789
2.9105,-0.848515303
2.9114,-0.926990276
2.9127,-0.068115796
2.9134,0.930302845
2.9143,1.786706465
2.9156,2.727113809
2.9161,1.761305922
2.9174,1.27176813
2.918,-0.003099926
2.919,-0.674274747
2.9202,-1.072633709
2.9214,-0.625233487
2.9227,0.5474676
2.9237,0.596947269
2.9242,0.721425437
2.9254,0.320388692
2.9261,0.084128326
2.9272,0.04918261
2.9285,0.928254666
2.9297,1.288405048
2.9308,1.127737285
2.9318,0.569482633
2.9332,-0.803912283
2.9342,-1.656059343
2.9355,-1.498246832
2.9363,-1.355885997
2.9371,0.09601271
2.9381,1.539274204
2.9391,1.66970409
2.9402,1.774053699
2.9416,0.73560298
2.9424,-0.167140005
2.9437,-0.333161774
2.9443,-0.919977236
2.9458,-0.424531689
2.9468,0.477788148
2.9482,0.614523073
2.9487,-0.047558414
2.9493,0.261906171
2.9499,-0.202818973
2.9513,-0.422699237
2.9524,0.88951553
2.9537,1.934882325
2.9547,2.341631627
2.9557,1.125984264
2.9566,0.227149453
2.9581,-1.416106416
2.9587,-1.676860324
2.9597,-1.179851618
2.9605,-0.496812667
2.9612,0.134225018
2.9619,0.732608139
2.9626,1.269277054
2.9635,1.610757513
2.9645,1.877368669
2.9656,0.943706034
2.967,0.287515469
2.968,0.365339568
2.9687,0.629490742
2.9697,0.455037078
2.9711,-0.161126581
2.9717,-0.11383242
2.9724,-0.052292062
2.9734,-1.412602216
2.9747,-1.169603724
2.9756,0.197236723
2.9768,0.806204705
2.9774,2.200157277
2.9787,2.251206619
2.9797,1.249065298
2.9808,0.368216267
2.9814,-0.700104173
2.9823,-0.736052568
2.9837,-1.394194844
2.9843,-1.074456368
2.9852,0.204252094
2.9864,0.330404269
2.9874,1.245409729
2.9882,1.023204635
2.9891,-0.055181028
2.9901,0.384025856
2.9913,0.743756915
2.9927,0.850974239
2.994,1.677461418
2.9948,0.450457243
2.9957,0.304021773
2.9971,-1.764969131
2.9984,-1.151640114
2.9999,0.057332734
3.0007,0.730312401
3.0018,2.40540837
3.0023,1.620749198
3.0034,1.653148794
3.004,1.2544855
3.0053,-0.126659612
3.0064,-0.928104881
3.0073,-0.760639886
3.0083,-0.217834192
3.009,-0.362567312
3.0105,0.141523899
3.0117,-0.202098124
3.0125,-0.601734452
3.0131,-0.451612962
3.0141,0.226994695
3.0156,1.42276826
3.0163,1.31786404
3.0175,1.981274579
3.0181,1.661344294
3.0192,0.580319654
3.0204,-1.153180352
3.021,-0.969874131
3.0218,-2.229703008
3.0231,-1.113872426
3.024,0.208219549
3.0254,1.566852925
3.0262,1.846940475
3.0272,1.898282258
3.0279,0.587251997
3.029,0.51058362
3.0302,-0.523404933
3.031,0.297944634
3.0323,0.419454972
3.0332,0.96388829
3.0339,0.431798604
3.0347,-0.213194028
3.0359,-1.368432772
3.037,-0.772033846
3.0376,-1.039316413
3.0388,0.185053633
3.0394,1.148438838
3.0399,0.878936513
3.0408,1.738894734
3.0414,2.298385596
3.042,2.363590654
3.0434,0.741331097
3.044,-0.449306199
3.045,-1.446581183
3.0456,-1.595091124
3.0467,-1.257128445
3.0476,-0.288827876
3.0483,-0.432658886
3.0493,0.57322676
3.05,0.404442072
3.0506,1.088620748
3.0517,0.912514072
3.0527,-0.234532812
3.0537,0.256153893
3.0543,0.22866691
3.0554,1.080651036
3.0561,1.140054298
3.0575,1.281473232
3.0586,-0.14242677
3.0596,-1.419933871
3.0604,-1.590034203
3.0613,-1.153370987
3.0621,-0.741434853
3.0633,0.382897669
3.0642,1.640292357
3.0652,1.816432696
3.0663,1.503908042
3.0672,0.845060281
3.0686,-0.789253791
3.0696,-0.333022668
3.0707,-0.474102457
3.0715,-0.302016409
